Utilization Range,Counts,Percentages
0,3671,3.810898068079187
1,9248,9.600431853335964
2,14950,15.519729261177838
3,17478,18.14406876433888
4,12109,12.57046164706371
5,8639,8.968223484101362
'6-10',20986,21.7857550685671
'11-30',11803,12.252800298975387
30 Plus,1244,1.2914075719669051
